id,filename,status,folder,rel_path,created
f223fbd18db7465a9d6ac9b42185e774,1 Faktur Penjualan.pdf,VALIDATED,Complete bundles - 24 customers,Complete bundles - 24 customers/03 1100002480 - PT INDOMARCO PRISMATAMA - SOR26110262706/1 Faktur Penjualan.pdf,2026-10-02 04:30:14.377446+00
b47d0fbbe0a3478e93737ea83640abc9,4 Faktur Pajak - 040.004-26.00827426.pdf,DELIVERED,Complete bundles - 24 customers,Complete bundles - 24 customers/03 1100002480 - PT INDOMARCO PRISMATAMA - SOR26110262706/4 Faktur Pajak - 040.004-26.00827426.pdf,2026-10-02 04:30:14.311958+00
9af676251ae341fb89ca13ce618d1d89,2 PO - Purchase Order (Merchandising Indomarco).pdf,VALIDATED,Complete bundles - 24 customers,Complete bundles - 24 customers/03 1100002480 - PT INDOMARCO PRISMATAMA - SOR26110262706/2 PO - Purchase Order (Merchandising Indomarco).pdf,2026-10-02 04:30:10.939144+00
c735162604ed4f76a347720f09bf78e6,3 TTG - Bukti Penerimaan Barang Pembelian (BPB).pdf,VALIDATED,Complete bundles - 24 customers,Complete bundles - 24 customers/03 1100002480 - PT INDOMARCO PRISMATAMA - SOR26110262706/3 TTG - Bukti Penerimaan Barang Pembelian (BPB).pdf,2026-10-02 04:30:10.712516+00
de967c06852e41eab9107b5da0c0f0a3,3 TTG - Receiving Note.pdf,VALIDATED,Complete bundles - 24 customers,Complete bundles - 24 customers/09 1100002553 - PT TIP TOP - SOR26110264888/3 TTG - Receiving Note.pdf,2026-10-02 04:30:03.707763+00
0c228dc7db9e48d4b696340364a46cd0,2 PO - Purchase Order (Surat Pesanan Asli).pdf,VALIDATED,Complete bundles - 24 customers,Complete bundles - 24 customers/09 1100002553 - PT TIP TOP - SOR26110264888/2 PO - Purchase Order (Surat Pesanan Asli).pdf,2026-10-02 04:30:00.721329+00
94a137f5229c4d3db33e47a888d29c1e,4 Faktur Pajak - 040.004-26.00827204.pdf,DELIVERED,Complete bundles - 24 customers,Complete bundles - 24 customers/09 1100002553 - PT TIP TOP - SOR26110264888/4 Faktur Pajak - 040.004-26.00827204.pdf,2026-10-02 04:30:00.657344+00
24437954019d428e9f0fcef0d80186d4,1 Faktur Penjualan.pdf,VALIDATED,Complete bundles - 24 customers,Complete bundles - 24 customers/09 1100002553 - PT TIP TOP - SOR26110264888/1 Faktur Penjualan.pdf,2026-10-02 04:29:56.232803+00
998e7c280b7c4602901ecf14ff03a75b,4 Faktur Pajak - 040.004-26.00826233.pdf,DELIVERED,Complete bundles - 24 customers,Complete bundles - 24 customers/18 1100002473 - PT HERO RETAIL NUSANTARA - SOR26110257410/4 Faktur Pajak - 040.004-26.00826233.pdf,2026-10-02 04:29:56.166622+00
8a578b1d5f8f44608209bcac4c36f1af,3 TTG - Receiving (GR).pdf,VALIDATED,Complete bundles - 24 customers,Complete bundles - 24 customers/18 1100002473 - PT HERO RETAIL NUSANTARA - SOR26110257410/3 TTG - Receiving (GR).pdf,2026-10-02 04:29:51.760816+00
a77c4bbdc22240838ef246b35c20d1fe,1 Faktur Penjualan.pdf,VALIDATED,Complete bundles - 24 customers,Complete bundles - 24 customers/18 1100002473 - PT HERO RETAIL NUSANTARA - SOR26110257410/1 Faktur Penjualan.pdf,2026-10-02 04:29:43.310762+00
80eed4dbc60e4285a7a0e7d4b33a008f,2 PO - Purchase Order (heroretailplatform).pdf,VALIDATED,Complete bundles - 24 customers,Complete bundles - 24 customers/18 1100002473 - PT HERO RETAIL NUSANTARA - SOR26110257410/2 PO - Purchase Order (heroretailplatform).pdf,2026-10-02 04:28:13.357993+00
1678977b54614dea93a53f96599ef470,1 Faktur Penjualan.pdf,VALIDATED,Complete bundles - 24 customers,Complete bundles - 24 customers/24 1100002452 - PT DUTA INTIDAYA TBK. - SOR26110260707/1 Faktur Penjualan.pdf,2026-10-02 04:28:00.361399+00
30c76c065cc64e37a4d93cfc591fae54,4 Faktur Pajak - 040.004-26.00827231.pdf,DELIVERED,Complete bundles - 24 customers,Complete bundles - 24 customers/24 1100002452 - PT DUTA INTIDAYA TBK. - SOR26110260707/4 Faktur Pajak - 040.004-26.00827231.pdf,2026-10-02 04:28:00.283905+00
151d7aa08a7441d1a4deb835accfdc2d,2 PO - Purchase Order.pdf,VALIDATED,Complete bundles - 24 customers,Complete bundles - 24 customers/24 1100002452 - PT DUTA INTIDAYA TBK. - SOR26110260707/2 PO - Purchase Order.pdf,2026-10-02 04:27:06.222225+00
f6a675118ee74b63986d67c5359ec369,3 TTG - Receiving detail report.pdf,VALIDATED,Complete bundles - 24 customers,Complete bundles - 24 customers/24 1100002452 - PT DUTA INTIDAYA TBK. - SOR26110260707/3 TTG - Receiving detail report.pdf,2026-10-02 04:27:05.914491+00
8a15e2c5fe8a429f9025bd8d684ece75,3 Faktur Pajak - 040.004-26.00824764.pdf,DELIVERED,Complete bundles - 24 customers,Complete bundles - 24 customers/05 1100002509 - PT NAGA SWALAYAN - SOR26110260985/3 Faktur Pajak - 040.004-26.00824764.pdf,2026-10-02 04:27:05.842606+00
58c4afd06cfa47ec88aa35be10ca33a2,1 Faktur Penjualan.pdf,VALIDATED,Complete bundles - 24 customers,Complete bundles - 24 customers/05 1100002509 - PT NAGA SWALAYAN - SOR26110260985/1 Faktur Penjualan.pdf,2026-10-02 04:23:54.357345+00
db2082fef8c74d29be6d89645e967358,2 PO - Purchase Order (stamped as received by the store).pdf,VALIDATED,Complete bundles - 24 customers,Complete bundles - 24 customers/05 1100002509 - PT NAGA SWALAYAN - SOR26110260985/2 PO - Purchase Order (stamped as received by the store).pdf,2026-10-02 04:23:47.58521+00
b818b728ed0346eba31a1bdea9b4cd4f,3 TTG - Receiving Slip Order.pdf,VALIDATED,Complete bundles - 24 customers,Complete bundles - 24 customers/02 1100002542 - PT SINAR SAHABAT INTI MAKMUR - SOR26110260739/3 TTG - Receiving Slip Order.pdf,2026-10-02 04:23:45.648228+00
e67317b5998f472a99bc2e780ba22f26,4 Faktur Pajak - 040.004-26.00826293.pdf,DELIVERED,Complete bundles - 24 customers,Complete bundles - 24 customers/02 1100002542 - PT SINAR SAHABAT INTI MAKMUR - SOR26110260739/4 Faktur Pajak - 040.004-26.00826293.pdf,2026-10-02 04:23:45.558108+00
201084238156487e8dee001f1313564d,1 Faktur Penjualan.pdf,VALIDATED,Complete bundles - 24 customers,Complete bundles - 24 customers/02 1100002542 - PT SINAR SAHABAT INTI MAKMUR - SOR26110260739/1 Faktur Penjualan.pdf,2026-10-02 04:23:41.811132+00
7e8a98263b1d4876b7550d267f24e48f,2 PO - Purchase Order.pdf,VALIDATED,Complete bundles - 24 customers,Complete bundles - 24 customers/02 1100002542 - PT SINAR SAHABAT INTI MAKMUR - SOR26110260739/2 PO - Purchase Order.pdf,2026-10-02 04:23:34.303181+00
8bcba41e1ab44ba9a66604244b864805,3 TTG - Good Receipt.pdf,VALIDATED,Complete bundles - 24 customers,Complete bundles - 24 customers/04 1100002550 - PT SWALAYAN SUKSES ABADI - SOR26110261963/3 TTG - Good Receipt.pdf,2026-10-02 04:23:33.623283+00
b6f542eac2cd45d7ad99486fe39fb831,1 Faktur Penjualan.pdf,VALIDATED,Complete bundles - 24 customers,Complete bundles - 24 customers/04 1100002550 - PT SWALAYAN SUKSES ABADI - SOR26110261963/1 Faktur Penjualan.pdf,2026-10-02 04:23:31.548255+00
f1532be059474ec09cb453618e6a6ba5,4 Faktur Pajak - 040.004-26.00827387.pdf,DELIVERED,Complete bundles - 24 customers,Complete bundles - 24 customers/04 1100002550 - PT SWALAYAN SUKSES ABADI - SOR26110261963/4 Faktur Pajak - 040.004-26.00827387.pdf,2026-10-02 04:23:31.480537+00
108a470343414f298c8bdd9eee21cf1b,2 PO - Purchase Order.pdf,VALIDATED,Complete bundles - 24 customers,Complete bundles - 24 customers/04 1100002550 - PT SWALAYAN SUKSES ABADI - SOR26110261963/2 PO - Purchase Order.pdf,2026-10-02 04:23:28.283045+00
34d1f944f0054f97b8b040dc42448a29,3 TTG - Received Note.pdf,VALIDATED,Complete bundles - 24 customers,Complete bundles - 24 customers/17 1100002428 - PT AKUR PRATAMA - SOR26110262436/3 TTG - Received Note.pdf,2026-10-02 04:23:20.454524+00
3c75cf17533d43e6ae73a7fdca8f83e0,1 Faktur Penjualan.pdf,VALIDATED,Complete bundles - 24 customers,Complete bundles - 24 customers/17 1100002428 - PT AKUR PRATAMA - SOR26110262436/1 Faktur Penjualan.pdf,2026-10-02 04:23:15.397207+00
b314263925fa477599f7887ddde1ae74,2 PO - Purchase Order (Venditore Report).pdf,VALIDATED,Complete bundles - 24 customers,Complete bundles - 24 customers/17 1100002428 - PT AKUR PRATAMA - SOR26110262436/2 PO - Purchase Order (Venditore Report).pdf,2026-10-02 04:23:11.091942+00
7be6cd8705894e6eab3009757a65963d,4 Faktur Pajak - 040.004-26.00825197.pdf,DELIVERED,Complete bundles - 24 customers,Complete bundles - 24 customers/17 1100002428 - PT AKUR PRATAMA - SOR26110262436/4 Faktur Pajak - 040.004-26.00825197.pdf,2026-10-02 04:23:11.019439+00
828679cb7be7457a9ef905fd360bea66,1 Faktur Penjualan.pdf,VALIDATED,Complete bundles - 24 customers,Complete bundles - 24 customers/06 1100002547 - PT SUPRA BOGA LESTARI TBK. - SOR26110264269/1 Faktur Penjualan.pdf,2026-10-02 04:23:09.110557+00
1c8b3105085d46039e87f508e75d4c07,2 PO - Purchase Order.pdf,VALIDATED,Complete bundles - 24 customers,Complete bundles - 24 customers/06 1100002547 - PT SUPRA BOGA LESTARI TBK. - SOR26110264269/2 PO - Purchase Order.pdf,2026-10-02 04:23:07.558576+00
5bf68a4aed5545a6adaa72dace2aa5e4,3 TTG - Good Receipt Slip.pdf,VALIDATED,Complete bundles - 24 customers,Complete bundles - 24 customers/06 1100002547 - PT SUPRA BOGA LESTARI TBK. - SOR26110264269/3 TTG - Good Receipt Slip.pdf,2026-10-02 04:23:00.148256+00
e010c670e08c475c9b48ee95339efa6d,4 Faktur Pajak - 040.004-26.00826205.pdf,DELIVERED,Complete bundles - 24 customers,Complete bundles - 24 customers/06 1100002547 - PT SUPRA BOGA LESTARI TBK. - SOR26110264269/4 Faktur Pajak - 040.004-26.00826205.pdf,2026-10-02 04:23:00.042123+00
2b5582b53b6c4960a039481676c3f3ff,4 Faktur Pajak - 040.004-26.00824967.pdf,DELIVERED,Complete bundles - 24 customers,Complete bundles - 24 customers/19 1100002483 - PT KAGE DWIJAYA - SOR26110261756/4 Faktur Pajak - 040.004-26.00824967.pdf,2026-10-02 04:22:59.941335+00
f05f61a0849f4edfbb257d9ca2a1cd0a,1 Faktur Penjualan.pdf,VALIDATED,Complete bundles - 24 customers,Complete bundles - 24 customers/19 1100002483 - PT KAGE DWIJAYA - SOR26110261756/1 Faktur Penjualan.pdf,2026-10-02 04:22:59.888856+00
cf585fb7fde1471d8e08b585752bf8e0,3 TTG - Terima Barang.pdf,VALIDATED,Complete bundles - 24 customers,Complete bundles - 24 customers/19 1100002483 - PT KAGE DWIJAYA - SOR26110261756/3 TTG - Terima Barang.pdf,2026-10-02 04:22:58.837963+00
61631da1196b48a1930f1e54c4a31045,2 PO - Purchase Order.pdf,VALIDATED,Complete bundles - 24 customers,Complete bundles - 24 customers/19 1100002483 - PT KAGE DWIJAYA - SOR26110261756/2 PO - Purchase Order.pdf,2026-10-02 04:22:57.380233+00
80fea0be0bc34bf5994f3547b65124f8,3 TTG - Goods Receive From Vendor (GR).pdf,VALIDATED,Complete bundles - 24 customers,Complete bundles - 24 customers/16 1100002502 - PT MITRA BELANJA ANDA - SOR26110266330/3 TTG - Goods Receive From Vendor (GR).pdf,2026-10-02 04:22:49.556006+00
173c3aa194994ff29825970fc091cc10,1 Faktur Penjualan.pdf,VALIDATED,Complete bundles - 24 customers,Complete bundles - 24 customers/16 1100002502 - PT MITRA BELANJA ANDA - SOR26110266330/1 Faktur Penjualan.pdf,2026-10-02 04:22:45.757541+00
97ce28553a604c0c9a16ff6efcc5a0ed,4 Faktur Pajak - 040.004-26.00828166.pdf,DELIVERED,Complete bundles - 24 customers,Complete bundles - 24 customers/16 1100002502 - PT MITRA BELANJA ANDA - SOR26110266330/4 Faktur Pajak - 040.004-26.00828166.pdf,2026-10-02 04:22:45.694221+00
84cc9b99b6c94b4ebf01d226d19feeaa,2 PO - Purchase Order.pdf,VALIDATED,Complete bundles - 24 customers,Complete bundles - 24 customers/16 1100002502 - PT MITRA BELANJA ANDA - SOR26110266330/2 PO - Purchase Order.pdf,2026-10-02 04:22:42.969962+00
047bc9c46843493d8ec5b6412aedef1d,3 TTG - Receiving Note.pdf,VALIDATED,Complete bundles - 24 customers,Complete bundles - 24 customers/07 1100002424 - PT AEON INDONESIA - SOR26110263382/3 TTG - Receiving Note.pdf,2026-10-02 04:22:40.623762+00
f7896f51a31d457fb368be41ac12c280,1 Faktur Penjualan.pdf,VALIDATED,Complete bundles - 24 customers,Complete bundles - 24 customers/07 1100002424 - PT AEON INDONESIA - SOR26110263382/1 Faktur Penjualan.pdf,2026-10-02 04:22:28.791698+00
b067eb3abd474e82948302e985d0eeb7,2 PO - Purchase Order.pdf,VALIDATED,Complete bundles - 24 customers,Complete bundles - 24 customers/07 1100002424 - PT AEON INDONESIA - SOR26110263382/2 PO - Purchase Order.pdf,2026-10-02 04:22:28.131118+00
8c5358f7a7fd4af1b2dc52202afd5be7,4 Faktur Pajak - 040.004-26.00827456.pdf,DELIVERED,Complete bundles - 24 customers,Complete bundles - 24 customers/07 1100002424 - PT AEON INDONESIA - SOR26110263382/4 Faktur Pajak - 040.004-26.00827456.pdf,2026-10-02 04:22:28.058862+00
bc2453596ce54c4296ca1c9fa56573e2,1 Faktur Penjualan.pdf,VALIDATED,Complete bundles - 24 customers,Complete bundles - 24 customers/01 1100002545 - PT SUMBER ALFARIA TRIJAYA TBK. - SOR26110265584/1 Faktur Penjualan.pdf,2026-10-02 04:22:22.915445+00
4b497afe793e4eaab575ace7ac590766,3 TTG - Laporan Penerimaan Barang.pdf,VALIDATED,Complete bundles - 24 customers,Complete bundles - 24 customers/01 1100002545 - PT SUMBER ALFARIA TRIJAYA TBK. - SOR26110265584/3 TTG - Laporan Penerimaan Barang.pdf,2026-10-02 04:22:18.92417+00
5b507cd40aa64db0b2f5045426dae1eb,2 PO - Purchase Order Form Manual.pdf,VALIDATED,Complete bundles - 24 customers,Complete bundles - 24 customers/01 1100002545 - PT SUMBER ALFARIA TRIJAYA TBK. - SOR26110265584/2 PO - Purchase Order Form Manual.pdf,2026-10-02 04:22:12.747096+00
0ffb7a55df8c468aae7439dc43aa0198,3 TTG - Good Receipt.pdf,VALIDATED,Complete bundles - 24 customers,Complete bundles - 24 customers/21 1100002518 - PT PANEN SELARAS ADIPERKASA - SOR26110260343/3 TTG - Good Receipt.pdf,2026-10-02 04:22:06.634355+00
4bdae7e124b84a6e843703c071c8ae69,1 Faktur Penjualan.pdf,VALIDATED,Complete bundles - 24 customers,Complete bundles - 24 customers/21 1100002518 - PT PANEN SELARAS ADIPERKASA - SOR26110260343/1 Faktur Penjualan.pdf,2026-10-02 04:22:05.350691+00
e48f5256385443c18ef60bab45218d86,4 Faktur Pajak - 040.004-26.00824674.pdf,DELIVERED,Complete bundles - 24 customers,Complete bundles - 24 customers/21 1100002518 - PT PANEN SELARAS ADIPERKASA - SOR26110260343/4 Faktur Pajak - 040.004-26.00824674.pdf,2026-10-02 04:22:05.283532+00
e95d0ec0b4d94c4991b09ca50efa69db,2 PO - Purchase Order.pdf,VALIDATED,Complete bundles - 24 customers,Complete bundles - 24 customers/21 1100002518 - PT PANEN SELARAS ADIPERKASA - SOR26110260343/2 PO - Purchase Order.pdf,2026-10-02 04:22:03.603525+00
48a01936b4c147acbe5fe80a05f86b75,4 Faktur Pajak - 040.004-26.00824269.pdf,DELIVERED,Complete bundles - 24 customers,Complete bundles - 24 customers/22 1100002500 - PT MEGAH DAYA INTI HARAPAN - SOR26110259322/4 Faktur Pajak - 040.004-26.00824269.pdf,2026-10-02 04:22:03.541937+00
20a1ede8f911459889987fa08a8f4d89,1 Faktur Penjualan.pdf,VALIDATED,Complete bundles - 24 customers,Complete bundles - 24 customers/22 1100002500 - PT MEGAH DAYA INTI HARAPAN - SOR26110259322/1 Faktur Penjualan.pdf,2026-10-02 04:22:00.680813+00
d36ec7287da9464089f87c0913a447b6,2 PO - Purchase Order (Merchandising Indomarco).pdf,VALIDATED,Complete bundles - 24 customers,Complete bundles - 24 customers/22 1100002500 - PT MEGAH DAYA INTI HARAPAN - SOR26110259322/2 PO - Purchase Order (Merchandising Indomarco).pdf,2026-10-02 04:21:57.486488+00
706a4ffe1ab44ae7a6bcf413be31bf73,3 TTG - Bukti Penerimaan Barang.pdf,VALIDATED,Complete bundles - 24 customers,Complete bundles - 24 customers/22 1100002500 - PT MEGAH DAYA INTI HARAPAN - SOR26110259322/3 TTG - Bukti Penerimaan Barang.pdf,2026-10-02 04:21:54.287787+00
69a5c6e5314d4ad8afd0598a13d10c29,1 Faktur Penjualan.pdf,VALIDATED,Complete bundles - 24 customers,Complete bundles - 24 customers/11 1100002499 - PT MATAHARI PUTRA PRIMA TBK. - SOR26110262433/1 Faktur Penjualan.pdf,2026-10-02 04:21:50.893592+00
8a3824acb8e44a65942d8e276251885f,3 TTG - Goods Receiving Note.pdf,VALIDATED,Complete bundles - 24 customers,Complete bundles - 24 customers/11 1100002499 - PT MATAHARI PUTRA PRIMA TBK. - SOR26110262433/3 TTG - Goods Receiving Note.pdf,2026-10-02 04:21:48.935205+00
4ec028669b51414ba8aaf2d0d7c1b6bd,4 Faktur Pajak - 040.004-26.00825195.pdf,DELIVERED,Complete bundles - 24 customers,Complete bundles - 24 customers/11 1100002499 - PT MATAHARI PUTRA PRIMA TBK. - SOR26110262433/4 Faktur Pajak - 040.004-26.00825195.pdf,2026-10-02 04:21:48.865523+00
1fc34b9600c14f3e81fac6d31a06c255,2 PO - Purchase Order.pdf,VALIDATED,Complete bundles - 24 customers,Complete bundles - 24 customers/11 1100002499 - PT MATAHARI PUTRA PRIMA TBK. - SOR26110262433/2 PO - Purchase Order.pdf,2026-10-02 04:21:46.368956+00
47fc41f7f8734367a2d29261acca74dc,3 TTG - Goods Receipt Note.pdf,VALIDATED,Complete bundles - 24 customers,Complete bundles - 24 customers/20 1100002458 - PT FAJAR MITRA INDAH - SOR26110265819/3 TTG - Goods Receipt Note.pdf,2026-10-02 04:21:44.192188+00
bb83c9af55a244658c03c43c402945a7,1 Faktur Penjualan.pdf,VALIDATED,Complete bundles - 24 customers,Complete bundles - 24 customers/20 1100002458 - PT FAJAR MITRA INDAH - SOR26110265819/1 Faktur Penjualan.pdf,2026-10-02 04:21:38.223502+00
d55de958e28a446d825c8bdf9f7cd725,4 Faktur Pajak - 040.004-26.00828054.pdf,DELIVERED,Complete bundles - 24 customers,Complete bundles - 24 customers/20 1100002458 - PT FAJAR MITRA INDAH - SOR26110265819/4 Faktur Pajak - 040.004-26.00828054.pdf,2026-10-02 04:21:38.158332+00
ec99d160377743d8ae6b0172d1777e2f,2 PO - Purchase Order.pdf,VALIDATED,Complete bundles - 24 customers,Complete bundles - 24 customers/20 1100002458 - PT FAJAR MITRA INDAH - SOR26110265819/2 PO - Purchase Order.pdf,2026-10-02 04:21:36.83463+00
03ff35b47feb471494d880bfd7a131ee,2 PO - Purchase Order COPY2 (stamped as received).pdf,VALIDATED,Complete bundles - 24 customers,Complete bundles - 24 customers/12 1100002531 - PT RAMAYANA LESTARI SENTOSA TBK. - SOR26110261465/2 PO - Purchase Order COPY2 (stamped as received).pdf,2026-10-02 04:21:33.161267+00
26b9eca681684b5cad30adc5c3e54dff,1 Faktur Penjualan.pdf,VALIDATED,Complete bundles - 24 customers,Complete bundles - 24 customers/12 1100002531 - PT RAMAYANA LESTARI SENTOSA TBK. - SOR26110261465/1 Faktur Penjualan.pdf,2026-10-02 04:21:29.491134+00
58a725d25c1a4ce897879d61fa71e9b8,3 Faktur Pajak - 040.004-26.00824433.pdf,DELIVERED,Complete bundles - 24 customers,Complete bundles - 24 customers/12 1100002531 - PT RAMAYANA LESTARI SENTOSA TBK. - SOR26110261465/3 Faktur Pajak - 040.004-26.00824433.pdf,2026-10-02 04:21:29.426045+00
089f42a4f8fb41f59cdcbc9f8f2dd6e0,1 Faktur Penjualan.pdf,VALIDATED,Complete bundles - 24 customers,Complete bundles - 24 customers/08 1100002481 - PT INTI CAKRAWALA CITRA - SOR26110262575/1 Faktur Penjualan.pdf,2026-10-02 04:21:24.418267+00
2b6134294a154c06bd1be1fa7721837a,2 PO - Purchase Order (Merchandising Indomarco).pdf,VALIDATED,Complete bundles - 24 customers,Complete bundles - 24 customers/08 1100002481 - PT INTI CAKRAWALA CITRA - SOR26110262575/2 PO - Purchase Order (Merchandising Indomarco).pdf,2026-10-02 04:21:19.87888+00
a94ac072ecf14f2ba00fe76f7701c24f,4 Faktur Pajak - 040.004-26.00825247.pdf,DELIVERED,Complete bundles - 24 customers,Complete bundles - 24 customers/08 1100002481 - PT INTI CAKRAWALA CITRA - SOR26110262575/4 Faktur Pajak - 040.004-26.00825247.pdf,2026-10-02 04:21:19.812057+00
72c03928aa544babba3589d8a6acb813,3 TTG - Bukti Penerimaan Barang.pdf,VALIDATED,Complete bundles - 24 customers,Complete bundles - 24 customers/08 1100002481 - PT INTI CAKRAWALA CITRA - SOR26110262575/3 TTG - Bukti Penerimaan Barang.pdf,2026-10-02 04:21:18.338268+00
f7bb783d9d0644aaad15b025c7bda997,3 TTG - Supply Sheet.pdf,VALIDATED,Complete bundles - 24 customers,Complete bundles - 24 customers/13 1100002495 - PT LOTTE SHOPPING INDONESIA - SOR26110260590/3 TTG - Supply Sheet.pdf,2026-10-02 04:21:16.499939+00
28aa792a1a0a4395a06d48a76f88d49d,1 Faktur Penjualan.pdf,VALIDATED,Complete bundles - 24 customers,Complete bundles - 24 customers/13 1100002495 - PT LOTTE SHOPPING INDONESIA - SOR26110260590/1 Faktur Penjualan.pdf,2026-10-02 04:21:08.518226+00
a1f0b00711074d3aac84812a64aa49c6,2 PO - Purchase Order.pdf,VALIDATED,Complete bundles - 24 customers,Complete bundles - 24 customers/13 1100002495 - PT LOTTE SHOPPING INDONESIA - SOR26110260590/2 PO - Purchase Order.pdf,2026-10-02 04:21:07.746972+00
b4ded73743de4c758132a821a04445b1,4 Faktur Pajak - 040.004-26.00825490.pdf,DELIVERED,Complete bundles - 24 customers,Complete bundles - 24 customers/13 1100002495 - PT LOTTE SHOPPING INDONESIA - SOR26110260590/4 Faktur Pajak - 040.004-26.00825490.pdf,2026-10-02 04:21:07.677565+00
052e38bccfe045759589760720e0912e,3 TTG - Supply Sheet.pdf,VALIDATED,Complete bundles - 24 customers,Complete bundles - 24 customers/14 1100002494 - PT LOTTE MART INDONESIA - SOR26110263386/3 TTG - Supply Sheet.pdf,2026-10-02 04:21:05.114225+00
b0abe691c473437d9bb22a8d05056b85,4 Faktur Pajak - 040.004-26.00826636.pdf,DELIVERED,Complete bundles - 24 customers,Complete bundles - 24 customers/14 1100002494 - PT LOTTE MART INDONESIA - SOR26110263386/4 Faktur Pajak - 040.004-26.00826636.pdf,2026-10-02 04:21:05.049112+00
41f930e47fd34b46a32edc7ea82ea277,1 Faktur Penjualan.pdf,VALIDATED,Complete bundles - 24 customers,Complete bundles - 24 customers/14 1100002494 - PT LOTTE MART INDONESIA - SOR26110263386/1 Faktur Penjualan.pdf,2026-10-02 04:21:03.352973+00
47e5c0a8a169494fb38c01cb6f1c19f5,2 PO - Purchase Order.pdf,VALIDATED,Complete bundles - 24 customers,Complete bundles - 24 customers/14 1100002494 - PT LOTTE MART INDONESIA - SOR26110263386/2 PO - Purchase Order.pdf,2026-10-02 04:20:54.525841+00
2d406532af974d61a993c9626374ff20,4 Faktur Pajak - 040.004-26.00826583.pdf,DELIVERED,Complete bundles - 24 customers,Complete bundles - 24 customers/23 1100002556 - PT TOTALINDO SEGAR JAYA - SOR26110258315/4 Faktur Pajak - 040.004-26.00826583.pdf,2026-10-02 04:20:54.423099+00
24bff38efb3d4d1b9031e063dfe3e751,3 TTG - Penerimaan Barang.pdf,VALIDATED,Complete bundles - 24 customers,Complete bundles - 24 customers/23 1100002556 - PT TOTALINDO SEGAR JAYA - SOR26110258315/3 TTG - Penerimaan Barang.pdf,2026-10-02 04:20:53.397012+00
7bf30c0543434ae39dcfd2796c2aa695,1 Faktur Penjualan.pdf,VALIDATED,Complete bundles - 24 customers,Complete bundles - 24 customers/23 1100002556 - PT TOTALINDO SEGAR JAYA - SOR26110258315/1 Faktur Penjualan.pdf,2026-10-02 04:20:45.250882+00
11d902af503c46ffa0f8c3630399af0b,2 PO - Purchase Order.pdf,VALIDATED,Complete bundles - 24 customers,Complete bundles - 24 customers/23 1100002556 - PT TOTALINDO SEGAR JAYA - SOR26110258315/2 PO - Purchase Order.pdf,2026-10-02 04:20:43.656016+00
0fe633bcbafb43c1b91cf806691c6284,1 Faktur Penjualan.pdf,VALIDATED,Complete bundles - 24 customers,Complete bundles - 24 customers/15 1100002493 - PT LION SUPER INDO - SOR26110265345/1 Faktur Penjualan.pdf,2026-10-02 04:20:39.634183+00
8139a7d37685414c8b8ac4164d9cc354,4 Faktur Pajak - 040.004-26.00828614.pdf,DELIVERED,Complete bundles - 24 customers,Complete bundles - 24 customers/15 1100002493 - PT LION SUPER INDO - SOR26110265345/4 Faktur Pajak - 040.004-26.00828614.pdf,2026-10-02 04:20:39.56522+00
d7bdb4455db14fd0bc7bf8dfa7d84dff,2 PO - Purchase Order.pdf,VALIDATED,Complete bundles - 24 customers,Complete bundles - 24 customers/15 1100002493 - PT LION SUPER INDO - SOR26110265345/2 PO - Purchase Order.pdf,2026-10-02 04:20:38.987645+00
68d08bff64664ebab985206de2a8c2c0,3 TTG - Bukti Terima Barang.pdf,VALIDATED,Complete bundles - 24 customers,Complete bundles - 24 customers/15 1100002493 - PT LION SUPER INDO - SOR26110265345/3 TTG - Bukti Terima Barang.pdf,2026-10-02 04:20:28.802254+00
8a8eb2608a724fc99bbe0689e033664d,4 Faktur Pajak - 040.004-26.00826280.pdf,DELIVERED,Complete bundles - 24 customers,Complete bundles - 24 customers/10 1100002501 - PT MIDI UTAMA INDONESIA TBK. - SOR26110260286/4 Faktur Pajak - 040.004-26.00826280.pdf,2026-10-02 04:20:28.703791+00
5260a760b7d44570938082cac05706cb,1 Faktur Penjualan.pdf,VALIDATED,Complete bundles - 24 customers,Complete bundles - 24 customers/10 1100002501 - PT MIDI UTAMA INDONESIA TBK. - SOR26110260286/1 Faktur Penjualan.pdf,2026-10-02 04:20:28.695614+00
66047857c06d4beb85e75235fd86f4e3,index.csv,DELIVERED,Complete bundles - 24 customers,Complete bundles - 24 customers/index.csv,2026-10-02 04:20:28.635089+00
7d4d0465eb1f4ba6bc83f692c5a3258c,2 PO - Purchase Order Form Auto.pdf,VALIDATED,Complete bundles - 24 customers,Complete bundles - 24 customers/10 1100002501 - PT MIDI UTAMA INDONESIA TBK. - SOR26110260286/2 PO - Purchase Order Form Auto.pdf,2026-10-02 04:20:28.63492+00
6cc85bc888f34bbc8bbcbc50a0326d23,.DS_Store,DELIVERED,Complete bundles - 24 customers,Complete bundles - 24 customers/.DS_Store,2026-10-02 04:20:28.634703+00
d5d852db9e734f0f838ef95b1ab4db84,3 TTG - Laporan Penerimaan Barang.pdf,VALIDATED,Complete bundles - 24 customers,Complete bundles - 24 customers/10 1100002501 - PT MIDI UTAMA INDONESIA TBK. - SOR26110260286/3 TTG - Laporan Penerimaan Barang.pdf,2026-10-02 04:20:28.633229+00
